timestamp,open,high,low,close,volume,close_time,quote_av,trades,tb_base_av,tb_quote_av,ignore
2022-01-01,3677.24000000,3777.73000000,3674.81000000,3767.76000000,3650.82620000,1641081599999,13621214.58100900,8671,1630.31210000,6082373.83636300,0
2022-01-02,3768.01000000,3857.39000000,3717.00000000,3831.00000000,2982.64730000,1641167999999,11281459.86451300,8032,1461.13750000,5530279.07822100,0
2022-01-03,3828.26000000,3852.39000000,3677.78000000,3762.48000000,5233.45060000,1641254399999,19772535.40879300,11087,2575.60190000,9728743.57843100,0
2022-01-04,3766.07000000,3896.00000000,3713.70000000,3784.02000000,7016.49170000,1641340799999,26713013.18726900,17177,3390.08140000,12891025.72978400,0
2022-01-05,3784.57000000,3848.10000000,3400.70000000,3539.60000000,17702.81950000,1641427199999,64777501.22427600,26191,7039.12120000,25728203.51128800,0
2022-01-06,3538.82000000,3550.68000000,3300.00000000,3407.52000000,20160.69030000,1641513599999,68980882.74294000,32498,9671.23330000,33043071.15108000,0
2022-01-07,3405.62000000,3415.71000000,3062.90000000,3195.20000000,24277.78730000,1641599999999,78055650.02697600,37072,11275.73410000,36299009.22159400,0
2022-01-08,3199.33000000,3247.21000000,3000.00000000,3081.52000000,12815.81280000,1641686399999,40056607.41040100,17093,5895.65890000,18476480.04125100,0
2022-01-09,3078.28000000,3211.68000000,3057.67000000,3149.89000000,10125.16170000,1641772799999,31700668.94319600,12294,4151.39710000,13022589.17785900,0
2022-01-10,3149.80000000,3181.57000000,2928.00000000,3085.66000000,20836.34250000,1641859199999,63401546.30056000,29704,12024.35360000,36520886.08422500,0
2022-01-11,3084.72000000,3263.96000000,3050.29000000,3241.05000000,9858.03200000,1641945599999,31252485.43317800,15242,3868.40470000,12234571.07527500,0
2022-01-12,3242.17000000,3412.84000000,3205.30000000,3372.43000000,10514.53170000,1642031999999,34664694.58534900,15972,5992.47920000,19717460.25620600,0
2022-01-13,3373.67000000,3412.19000000,3234.40000000,3243.67000000,6442.54070000,1642118399999,21350608.24334700,11156,3208.52070000,10627866.52624300,0
2022-01-14,3242.96000000,3343.46000000,3186.11000000,3310.29000000,6278.53710000,1642204799999,20512237.38256600,9934,2914.69440000,9546186.37073300,0
2022-01-15,3310.29000000,3374.23000000,3263.77000000,3330.28000000,3315.76540000,1642291199999,11024357.14711700,6422,1494.20370000,4967628.67269800,0
2022-01-16,3329.06000000,3394.03000000,3272.73000000,3349.55000000,5063.54650000,1642377599999,16878132.52572400,8950,2270.94250000,7578239.34176900,0
2022-01-17,3351.28000000,3359.11000000,3142.22000000,3211.33000000,7619.93140000,1642463999999,24747367.23164800,11253,2851.09850000,9247411.81889800,0
2022-01-18,3211.80000000,3243.63000000,3082.99000000,3161.64000000,9576.62950000,1642550399999,30225820.96688300,14248,5590.49320000,17651594.95329200,0
2022-01-19,3163.01000000,3176.17000000,3046.21000000,3084.51000000,12288.52470000,1642636799999,38292745.17459800,17660,6513.39760000,20306652.23734700,0
2022-01-20,3087.19000000,3273.63000000,2987.86000000,3005.43000000,10924.58740000,1642723199999,34612307.66935900,16446,5826.35260000,18474081.78025400,0
2022-01-21,2997.40000000,3033.33000000,2454.40000000,2569.42000000,33502.76165000,1642809599999,93360374.73004420,45229,18076.21085000,50510947.36211200,0
2022-01-22,2566.44000000,2624.38000000,2301.00000000,2411.75000000,23467.52222000,1642895999999,58016938.55451730,37079,10846.67247000,26887425.80487440,0
2022-01-23,2412.04000000,2551.31000000,2373.21000000,2539.81000000,12357.43980000,1642982399999,30501629.08067000,17858,5094.34260000,12581857.70258000,0
2022-01-24,2539.02000000,2539.88000000,2157.96000000,2442.46000000,30868.26815000,1643068799999,72751935.97187150,40955,10461.29390000,24190140.06118100,0
2022-01-25,2441.33000000,2507.27000000,2351.69000000,2461.18000000,11512.61570000,1643155199999,28143807.18296700,29836,6914.75890000,16973764.53550100,0
2022-01-26,2459.08000000,2724.89000000,2403.39000000,2463.44000000,13954.51190000,1643241599999,35522511.30052400,38182,7500.59120000,19131253.82846000,0
2022-01-27,2465.32000000,2522.51000000,2317.00000000,2427.33000000,17065.85270000,1643327999999,41230759.11547900,39182,8298.66160000,20051162.05560200,0
2022-01-28,2426.60000000,2558.33000000,2359.00000000,2546.19000000,10598.90440000,1643414399999,26021028.66783700,17323,4180.19310000,10228221.56981500,0
2022-01-29,2543.31000000,2639.01000000,2520.86000000,2597.59000000,7064.79140000,1643500799999,18145698.09642300,11022,3302.87410000,8482767.30089600,0
2022-01-30,2600.81000000,2640.79000000,2543.47000000,2606.41000000,6733.21610000,1643587199999,17490008.84247300,9639,2508.42410000,6517599.55118700,0
2022-01-31,2604.90000000,2706.53000000,2478.56000000,2687.75000000,9623.81640000,1643673599999,25130123.51791900,14622,3662.28490000,9529576.82947100,0
2022-02-01,2687.73000000,2815.11000000,2675.45000000,2788.64000000,10042.04410000,1643759999999,27635531.75803800,14952,3995.94710000,11023414.36155500,0
2022-02-02,2791.00000000,2812.43000000,2615.92000000,2681.68000000,9332.87020000,1643846399999,25301559.71452800,13669,4296.94960000,11635375.02017100,0
2022-02-03,2681.18000000,2727.01000000,2576.06000000,2696.72000000,8551.61010000,1643932799999,22581600.25099700,14549,4076.08790000,10764762.94412700,0
2022-02-04,2696.45000000,2997.13000000,2673.18000000,2995.11000000,17156.13350000,1644019199999,49217888.47295100,23159,9885.56120000,28428441.66598000,0
2022-02-05,2997.59000000,3063.73000000,2961.40000000,3015.42000000,8541.86660000,1644105599999,25711704.35739300,13309,3266.43370000,9828589.34674700,0
2022-02-06,3016.39000000,3075.56000000,2948.27000000,3058.77000000,6666.09160000,1644191999999,20040809.70750100,11397,3815.37950000,11467565.31075100,0
2022-02-07,3062.49000000,3189.44000000,2994.94000000,3142.88000000,14419.04910000,1644278399999,44775575.83846500,21401,5701.69310000,17696986.48665100,0
2022-02-08,3143.14000000,3234.92000000,3028.00000000,3118.26000000,13380.92760000,1644364799999,41622882.14418000,19977,4170.78000000,12955875.32166700,0
2022-02-09,3119.88000000,3272.58000000,3055.75000000,3246.59000000,18359.51230000,1644451199999,58508657.54106400,24438,7004.53680000,22315906.63000600,0
2022-02-10,3248.36000000,3285.00000000,3060.00000000,3073.81000000,14969.74620000,1644537599999,47679979.02538800,23641,6148.54110000,19533344.82646100,0
2022-02-11,3075.27000000,3140.44000000,2878.73000000,2929.84000000,14896.43250000,1644623999999,44887705.71632700,23871,6669.55460000,20082854.52336900,0
2022-02-12,2926.80000000,2985.71000000,2858.69000000,2918.93000000,7605.23950000,1644710399999,22128815.46016400,11129,3544.29630000,10295495.33317600,0
2022-02-13,2919.61000000,2954.92000000,2837.02000000,2870.93000000,6946.62250000,1644796799999,20147522.98165300,9071,3426.21300000,9954984.17581900,0
2022-02-14,2877.16000000,2967.25000000,2832.73000000,2929.07000000,12324.22400000,1644883199999,35775646.81422200,15764,6749.17010000,19614974.12213400,0
2022-02-15,2935.29000000,3197.95000000,2913.72000000,3184.93000000,12567.62870000,1644969599999,38814000.24379800,18937,4737.15740000,14636164.90113100,0
2022-02-16,3187.19000000,3189.99000000,3045.29000000,3124.96000000,12585.77520000,1645055999999,39212809.58694900,17260,8733.02450000,27158150.60726900,0
2022-02-17,3125.24000000,3161.78000000,2854.12000000,2895.14000000,10047.50680000,1645142399999,30235959.33535200,16743,4532.29620000,13568413.15100700,0
2022-02-18,2892.61000000,2945.52000000,2752.34000000,2781.11000000,9167.26970000,1645228799999,25996910.34184900,16001,3918.37770000,11115032.38621100,0
2022-02-19,2779.91000000,2830.57000000,2696.32000000,2765.75000000,6862.55350000,1645315199999,18890458.83618900,9686,3184.71540000,8754119.69485600,0
2022-02-20,2760.56000000,2763.22000000,2576.36000000,2620.38000000,8816.06080000,1645401599999,23370319.38720800,13708,4379.48530000,11619283.76958000,0
2022-02-21,2623.14000000,2762.03000000,2560.00000000,2568.08000000,13822.10460000,1645487999999,36710896.12567200,21151,5510.54610000,14687280.25953800,0
2022-02-22,2574.27000000,2666.38000000,2500.02000000,2639.31000000,12550.76910000,1645574399999,32346708.83104400,18253,5647.49760000,14533046.77285600,0
2022-02-23,2639.21000000,2754.85000000,2577.00000000,2580.17000000,13731.34680000,1645660799999,36813645.56013900,19952,5617.02840000,14987416.02160500,0
2022-02-24,2579.42000000,2738.02000000,2301.89000000,2600.10000000,34176.08100000,1645747199999,83046520.52787300,52592,15473.46430000,37589403.04770900,0
2022-02-25,2596.51000000,2836.70000000,2573.06000000,2766.88000000,12099.35210000,1645833599999,32589355.91013300,22449,5862.23800000,15816910.03460000,0
2022-02-26,2769.03000000,2880.00000000,2715.01000000,2778.95000000,6507.57830000,1645919999999,18194108.49461200,15534,3031.55240000,8483911.29597100,0
2022-02-27,2781.34000000,2837.49000000,2560.04000000,2615.43000000,8604.92660000,1646006399999,23314206.22073200,22205,4337.90210000,11760761.82709400,0
2022-02-28,2615.43000000,2950.00000000,2567.57000000,2921.81000000,12635.61850000,1646092799999,34842262.55451400,26179,6447.17610000,17844740.18763700,0
2022-03-01,2924.20000000,3038.37000000,2855.03000000,2976.59000000,15864.90530000,1646179199999,46724970.71336600,27901,8153.08100000,24006591.98894200,0
2022-03-02,2978.89000000,3044.32000000,2914.89000000,2950.14000000,9008.94270000,1646265599999,26840718.40793600,24795,4433.12660000,13203686.45502100,0
2022-03-03,2947.49000000,2972.01000000,2783.12000000,2831.73000000,10397.02190000,1646351999999,29626312.17034100,16879,4683.44940000,13382869.45181300,0
2022-03-04,2833.71000000,2835.98000000,2573.23000000,2622.61000000,7881.79530000,1646438399999,21270337.83213400,18641,3910.19430000,10548329.00431700,0
2022-03-05,2621.80000000,2686.87000000,2590.19000000,2666.27000000,2893.92020000,1646524799999,7637808.59124000,8527,1585.46830000,4182558.83835600,0
2022-03-06,2665.30000000,2676.25000000,2532.05000000,2550.39000000,5340.12900000,1646611199999,13990868.51115300,12027,2931.98550000,7689784.11989800,0
2022-03-07,2551.15000000,2649.11000000,2445.00000000,2493.01000000,10074.03310000,1646697599999,25518210.38220000,19757,5062.55580000,12838964.41688500,0
2022-03-08,2492.09000000,2624.72000000,2480.61000000,2576.80000000,10492.28770000,1646783999999,26857470.73464600,20105,5903.73580000,15101621.93994300,0
2022-03-09,2576.17000000,2775.00000000,2568.29000000,2728.39000000,11343.10460000,1646870399999,30721319.67336800,19482,6024.81840000,16295314.05682400,0
2022-03-10,2728.15000000,2733.17000000,2554.26000000,2607.45000000,11469.49140000,1646956799999,29875326.34643500,19722,4283.96260000,11190295.97538700,0
2022-03-11,2608.61000000,2678.56000000,2523.81000000,2556.73000000,8666.62930000,1647043199999,22372128.87614500,18295,4417.24210000,11387530.92008100,0
2022-03-12,2557.46000000,2615.23000000,2553.98000000,2567.93000000,3286.44340000,1647129599999,8500967.93932400,7353,1431.30110000,3705004.70725500,0
2022-03-13,2568.88000000,2602.66000000,2492.48000000,2515.84000000,4048.53070000,1647215999999,10366861.13920800,9661,2058.08990000,5281740.46604000,0
2022-03-14,2515.65000000,2609.58000000,2498.69000000,2591.99000000,10314.14940000,1647302399999,26282075.13707600,18198,3847.56840000,9851366.18737600,0
2022-03-15,2589.95000000,2669.09000000,2508.22000000,2618.39000000,22501.72380000,1647388799999,58278283.13544700,45271,15051.33270000,39018516.56562700,0
2022-03-16,2618.30000000,2790.00000000,2603.67000000,2773.62000000,19946.49620000,1647475199999,53578928.90208700,45557,6675.17470000,17927353.89767600,0
2022-03-17,2773.63000000,2838.58000000,2747.87000000,2813.34000000,12857.52940000,1647561599999,35798360.99602900,34898,6699.39950000,18630859.61007500,0
2022-03-18,2812.61000000,2986.05000000,2768.21000000,2940.90000000,11234.35240000,1647647999999,32374766.16490800,40802,5389.15710000,15528310.90507200,0
2022-03-19,2939.61000000,2987.50000000,2895.32000000,2953.44000000,4896.25720000,1647734399999,14443717.53179400,24687,2543.20040000,7500119.29427100,0
2022-03-20,2950.78000000,2965.57000000,2819.80000000,2863.70000000,5034.63350000,1647820799999,14511361.04202700,14538,2120.31710000,6125480.91770200,0
2022-03-21,2864.26000000,2961.50000000,2832.07000000,2891.37000000,7841.45720000,1647907199999,22817342.52287500,18629,3441.41890000,10010569.80253100,0
2022-03-22,2890.51000000,3053.42000000,2888.28000000,2970.81000000,10796.92610000,1647993599999,32380255.84014900,27555,5093.23340000,15254020.35983300,0
2022-03-23,2968.91000000,3045.76000000,2920.52000000,3035.86000000,9866.60580000,1648079999999,29323919.75398400,28100,5660.41690000,16807379.13571800,0
2022-03-24,3037.33000000,3131.75000000,3003.93000000,3111.45000000,9019.08070000,1648166399999,27693155.14964900,29691,4216.36330000,12940297.59985500,0
2022-03-25,3112.15000000,3194.63000000,3077.05000000,3103.34000000,7948.63360000,1648252799999,24933884.35161500,25370,4021.75040000,12625722.50343900,0
2022-03-26,3103.77000000,3154.24000000,3086.19000000,3146.85000000,2783.70830000,1648339199999,8698128.11957700,13379,1551.54050000,4847171.75484900,0
2022-03-27,3146.22000000,3300.00000000,3127.82000000,3296.60000000,7595.18000000,1648425599999,24460566.54418500,28958,3582.79730000,11530625.66296900,0
2022-03-28,3296.84000000,3432.32000000,3276.77000000,3330.52000000,12825.65840000,1648511999999,43046406.64895800,38662,5975.95310000,20074243.09027500,0
2022-03-29,3334.14000000,3483.19000000,3331.49000000,3401.71000000,18288.30100000,1648598399999,62429741.04411600,42431,9539.13410000,32541180.41063000,0
2022-03-30,3401.44000000,3447.83000000,3334.00000000,3386.28000000,6488.90160000,1648684799999,21997336.31244800,27314,3046.00710000,10324392.79436900,0
2022-03-31,3386.82000000,3445.97000000,3262.38000000,3282.45000000,10415.63280000,1648771199999,34892699.86403000,29967,4701.87460000,15786846.70201100,0
2022-04-01,3283.52000000,3489.00000000,3211.55000000,3455.94000000,14317.37210000,1648857599999,47871974.60182300,42178,7436.60930000,24871958.16338000,0
2022-04-02,3455.86000000,3533.02000000,3434.04000000,3444.60000000,14619.29840000,1648943999999,50899181.23397100,37849,6112.71380000,21264800.91143900,0
2022-04-03,3445.14000000,3588.78000000,3414.07000000,3522.04000000,8757.55210000,1649030399999,30630263.45971400,30932,4002.30780000,13991707.81717200,0
2022-04-04,3522.85000000,3547.82000000,3409.73000000,3520.72000000,14223.44080000,1649116799999,49419681.96146600,39868,6336.89380000,21981703.71469300,0
2022-04-05,3520.18000000,3555.49000000,3398.11000000,3406.93000000,17456.16770000,1649203199999,60564472.95455100,43530,6753.60360000,23478626.56918400,0
2022-04-06,3407.00000000,3407.00000000,3163.20000000,3168.68000000,33626.24070000,1649289599999,110740923.03523200,69705,12071.83880000,39674110.08545900,0
2022-04-07,3167.76000000,3268.76000000,3143.83000000,3228.19000000,21237.23300000,1649375999999,68040370.60800700,50823,8832.39940000,28336674.09487400,0
2022-04-08,3227.16000000,3315.47000000,3173.83000000,3194.84000000,12186.46820000,1649462399999,39716313.40577500,40952,5615.99560000,18283916.39164000,0
2022-04-09,3192.75000000,3269.29000000,3182.05000000,3259.12000000,5124.61520000,1649548799999,16493621.81757000,22665,2631.74670000,8471291.31507200,0
2022-04-10,3259.84000000,3314.49000000,3192.05000000,3203.40000000,5650.93070000,1649635199999,18394528.77666100,22320,3018.35160000,9826285.05881100,0
2022-04-11,3203.46000000,3214.13000000,2950.00000000,2978.70000000,22341.53900000,1649721599999,68321775.16441100,54247,8865.94700000,27110467.23744900,0
2022-04-12,2979.96000000,3099.00000000,2941.79000000,3027.75000000,17307.68360000,1649807999999,52252732.42107900,44860,8466.47140000,25549437.47272200,0
2022-04-13,3028.12000000,3130.85000000,2998.02000000,3116.95000000,11289.91970000,1649894399999,34625333.99774400,36203,5394.51240000,16545003.32090400,0
2022-04-14,3118.63000000,3145.56000000,2976.09000000,3022.29000000,9609.04060000,1649980799999,29352690.52558800,26711,5443.84630000,16603494.41996800,0
2022-04-15,3021.90000000,3065.03000000,2992.61000000,3041.87000000,9013.69260000,1650067199999,27275738.59999600,24285,5537.69280000,16754278.01251800,0
2022-04-16,3040.77000000,3086.80000000,3010.62000000,3060.01000000,6018.49720000,1650153599999,18292365.34433400,21460,3092.74070000,9399533.73482900,0
2022-04-17,3061.00000000,3083.26000000,2983.30000000,2988.29000000,8894.08560000,1650239999999,27100530.37307100,27587,4403.28150000,13424199.09975100,0
2022-04-18,2988.24000000,3069.50000000,2884.53000000,3056.31000000,20131.63240000,1650326399999,59416656.54449500,49131,9353.06810000,27630041.48602200,0
2022-04-19,3056.17000000,3130.97000000,3030.00000000,3102.08000000,12697.48420000,1650412799999,39052067.95800400,39399,6571.85570000,20209158.79467800,0
2022-04-20,3102.08000000,3167.20000000,3035.36000000,3077.05000000,14770.63900000,1650499199999,45710665.22997400,43209,7600.56020000,23520747.52198800,0
2022-04-21,3076.79000000,3181.14000000,2943.10000000,2983.75000000,14608.64880000,1650585599999,45088547.74988100,44180,7717.42980000,23816233.92940000,0
2022-04-22,2983.94000000,3033.42000000,2932.56000000,2962.12000000,14458.18340000,1650671999999,43153519.83017900,42914,7655.21060000,22856086.88808000,0
2022-04-23,2962.60000000,2978.79000000,2916.00000000,2932.70000000,7269.61810000,1650758399999,21486070.40907800,26102,3285.89820000,9714118.79456900,0
2022-04-24,2933.38000000,2967.49000000,2913.10000000,2921.74000000,9253.83220000,1650844799999,27220398.88831800,32854,4333.42620000,12745614.13683500,0
2022-04-25,2921.60000000,3026.02000000,2793.36000000,3006.98000000,20497.23820000,1650931199999,59111736.16421500,54238,10241.15540000,29533586.74822300,0
2022-04-26,3007.22000000,3039.17000000,2766.99000000,2809.46000000,15832.07450000,1651017599999,46249869.00772200,45157,8422.51920000,24526137.72004300,0
2022-04-27,2809.04000000,2919.72000000,2794.63000000,2889.33000000,14392.86320000,1651103999999,41266156.38589800,42878,6586.96370000,18875893.69748400,0
2022-04-28,2889.02000000,2979.84000000,2854.67000000,2937.11000000,14360.22200000,1651190399999,41874605.41869100,42872,7185.53500000,20973674.70988000,0
2022-04-29,2937.18000000,2946.71000000,2776.34000000,2817.22000000,15204.22950000,1651276799999,43483370.74455800,41986,8817.36540000,25197091.93911800,0
2022-04-30,2816.77000000,2847.61000000,2715.93000000,2728.01000000,9256.01350000,1651363199999,25967696.75974100,29693,4832.09440000,13560536.45202700,0
2022-05-01,2726.48000000,2848.67000000,2715.91000000,2825.70000000,11172.36310000,1651449599999,31071501.72942000,37328,6003.46620000,16696953.58699000,0
2022-05-02,2824.81000000,2882.35000000,2773.98000000,2855.54000000,15560.94920000,1651535999999,44080870.78891400,46909,6967.55250000,19707102.15574500,0
2022-05-03,2856.55000000,2861.20000000,2755.04000000,2781.10000000,12539.99720000,1651622399999,35347454.96905000,39466,6397.30610000,18028100.16530400,0
2022-05-04,2781.31000000,2965.60000000,2771.02000000,2940.48000000,13994.52080000,1651708799999,40025502.66831900,45226,7343.08700000,21010652.20077000,0
2022-05-05,2940.36000000,2954.10000000,2688.36000000,2747.55000000,18189.91640000,1651795199999,50992486.11989900,50806,7878.02790000,22171466.06345000,0
2022-05-06,2747.73000000,2758.50000000,2634.00000000,2692.36000000,17317.75120000,1651881599999,46768173.55658900,51797,8199.77400000,22153554.38608100,0
2022-05-07,2692.44000000,2703.24000000,2588.00000000,2634.64000000,12560.08370000,1651967999999,33508903.64511500,34216,6028.17480000,16098097.62024700,0
2022-05-08,2634.78000000,2641.18000000,2484.31000000,2518.72000000,21039.72060000,1652054399999,53588975.13722500,53754,9963.86620000,25376203.56990700,0
2022-05-09,2519.24000000,2529.79000000,2211.00000000,2231.64000000,34871.15840000,1652140799999,82034137.65578500,81418,14989.33680000,35478205.93258700,0
2022-05-10,2227.69000000,2456.69000000,2200.00000000,2341.83000000,35579.01680000,1652227199999,83980854.38705600,98341,18367.84160000,43352014.19027800,0
2022-05-11,2340.71000000,2451.69000000,2000.00000000,2076.37000000,51039.73430000,1652313599999,115542029.49954280,174548,21562.82750000,48909934.86398600,0
2022-05-12,2074.41000000,2185.11000000,1625.75000000,1953.18000000,88936.10470000,1652399999999,169208917.68861960,259186,41216.35440000,78815392.03069700,0
2022-05-13,1953.91000000,2147.82000000,1935.02000000,2006.54000000,51787.96790000,1652486399999,107467670.15783500,105890,24214.86280000,50305637.38727900,0
2022-05-14,2007.11000000,2066.09000000,1947.24000000,2053.41000000,26134.46610000,1652572799999,52499291.24884000,57692,12418.18310000,24972113.50782600,0
2022-05-15,2053.39000000,2163.00000000,1997.84000000,2143.52000000,21376.13350000,1652659199999,44235449.21155500,50376,10598.99190000,21902933.68167400,0
2022-05-16,2142.63000000,2143.00000000,1977.12000000,2019.91000000,33188.27290000,1652745599999,67454164.76343600,69775,14226.93550000,28961370.01388700,0
2022-05-17,2021.17000000,2120.05000000,2005.08000000,2088.06000000,26469.87550000,1652831999999,54692178.79605000,57012,14553.81890000,30062592.06740800,0
2022-05-18,2088.57000000,2108.15000000,1905.57000000,1911.40000000,30110.06180000,1652918399999,59962686.31190200,57665,13729.52560000,27390396.33045300,0
2022-05-19,1911.87000000,2040.00000000,1900.00000000,2016.89000000,46617.09380000,1653004799999,91851036.26474100,74983,21354.32760000,42058773.18192200,0
2022-05-20,2016.74000000,2064.99000000,1920.71000000,1957.15000000,32307.78820000,1653091199999,64500479.72072800,61333,16042.81780000,31951125.28755200,0
2022-05-21,1957.17000000,1988.11000000,1935.22000000,1973.07000000,14537.44500000,1653177599999,28599257.15718400,31988,8627.34800000,16961030.65754400,0
2022-05-22,1971.81000000,2054.00000000,1963.51000000,2040.96000000,19701.97470000,1653263999999,39560901.48564800,41841,9377.34230000,18837680.14019500,0
2022-05-23,2040.90000000,2086.66000000,1954.18000000,1970.96000000,32092.21380000,1653350399999,65268411.01156900,58192,15494.38110000,31451868.18783600,0
2022-05-24,1971.25000000,1991.56000000,1911.00000000,1977.10000000,31179.67270000,1653436799999,61120197.21013100,50690,13630.04800000,26714338.63958900,0
2022-05-25,1977.49000000,2019.56000000,1930.30000000,1940.47000000,29095.02280000,1653523199999,57137059.48254400,61545,13192.16910000,25945734.30433700,0
2022-05-26,1940.51000000,1964.28000000,1725.98000000,1791.07000000,62992.83890000,1653609599999,116132199.06816900,113903,26684.26190000,49166080.54743900,0
2022-05-27,1789.61000000,1824.08000000,1702.90000000,1725.82000000,56596.33580000,1653695999999,99619039.84912400,95837,26583.90700000,46833928.11919600,0
2022-05-28,1725.71000000,1806.93000000,1720.00000000,1790.17000000,25005.60730000,1653782399999,44250383.33526800,49948,11817.10640000,20905135.52557700,0
2022-05-29,1790.17000000,1825.62000000,1760.00000000,1811.90000000,18315.84410000,1653868799999,32841612.33919400,39280,9544.81150000,17117287.20053000,0
2022-05-30,1811.66000000,2011.91000000,1801.48000000,1997.24000000,37867.61570000,1653955199999,72333272.56995200,78557,19498.68960000,37353508.09757000,0
2022-05-31,1997.50000000,2014.85000000,1920.16000000,1940.31000000,31380.15940000,1654041599999,61720367.27830400,69591,15930.96020000,31319661.61293100,0
2022-06-01,1940.85000000,1971.57000000,1761.41000000,1815.94000000,32712.68060000,1654127999999,61399858.32587300,78884,15814.79460000,29676821.75998400,0
2022-06-02,1816.28000000,1851.66000000,1780.81000000,1832.64000000,34231.52700000,1654214399999,62185002.07101300,81670,16001.62500000,29074802.68510100,0
2022-06-03,1832.68000000,1842.18000000,1735.00000000,1773.60000000,29459.85770000,1654300799999,52364989.74965700,77761,14152.17930000,25153521.57526200,0
2022-06-04,1773.17000000,1814.11000000,1746.57000000,1803.09000000,16252.20860000,1654387199999,28791509.77558900,42933,8840.03110000,15652546.88527400,0
2022-06-05,1803.01000000,1828.58000000,1771.81000000,1804.57000000,15036.70770000,1654473599999,27068594.27605500,44267,7657.98060000,13790585.72802500,0
2022-06-06,1804.60000000,1918.66000000,1802.05000000,1858.36000000,31100.05350000,1654559999999,58364059.18406600,77699,16641.12960000,31225182.83580200,0
2022-06-07,1858.14000000,1873.66000000,1724.16000000,1811.92000000,37483.10010000,1654646399999,66991036.88261800,81440,16208.02940000,28950842.96067400,0
2022-06-08,1812.20000000,1838.00000000,1764.27000000,1790.32000000,27880.49920000,1654732799999,50281463.91806300,61916,13871.33350000,24986133.07722100,0
2022-06-09,1790.31000000,1831.51000000,1775.71000000,1787.34000000,18898.45220000,1654819199999,34005233.35227100,51182,9914.42290000,17841320.49898500,0
2022-06-10,1787.34000000,1802.89000000,1654.00000000,1660.81000000,35805.08370000,1654905599999,61781022.64180000,80522,18849.21580000,32519476.54121500,0
2022-06-11,1661.21000000,1680.22000000,1500.00000000,1530.81000000,67010.65296000,1654991999999,105139447.26371400,119209,29965.20437000,46962979.22755100,0
2022-06-12,1531.25000000,1594.98000000,1422.88000000,1433.15000000,63285.54539000,1655078399999,93462631.68819170,122794,29487.52040000,43563456.77486070,0
2022-06-13,1432.64000000,1452.97000000,1163.79000000,1208.08000000,155775.40317000,1655164799999,197655966.52089040,228864,72284.30780000,91651301.84437300,0
2022-06-14,1207.91000000,1268.99000000,1074.00000000,1207.01000000,128295.44822000,1655251199999,151666087.88742520,163261,59169.24030000,70027859.60933900,0
2022-06-15,1206.98000000,1248.99000000,1010.00000000,1236.14000000,196738.91855000,1655337599999,220753698.63268870,267477,97145.51520000,109098061.81401300,0
2022-06-16,1236.20000000,1256.23000000,1050.00000000,1067.03000000,78761.79570000,1655423999999,89705694.44256000,122517,37651.44230000,42878910.16110900,0
2022-06-17,1066.85000000,1116.82000000,1050.00000000,1085.27000000,59290.48940000,1655510399999,64477351.29502800,99196,28944.16950000,31462050.26811700,0
2022-06-18,1084.62000000,1096.64000000,880.03000000,993.64000000,120935.86803000,1655596799999,118303034.18334300,136877,54121.36910000,52791158.39941600,0
2022-06-19,993.45000000,1157.26000000,935.00000000,1126.82000000,76784.06740000,1655683199999,79161550.89935500,118722,39630.68820000,40866732.39030700,0
2022-06-20,1126.56000000,1169.00000000,1051.36000000,1127.02000000,76932.55170000,1655769599999,86021444.74483500,107847,43875.47460000,49190429.55756800,0
2022-06-21,1126.71000000,1192.40000000,1107.64000000,1124.59000000,60145.76140000,1655855999999,69100896.22932900,95736,28294.52480000,32473655.62685400,0
2022-06-22,1124.86000000,1128.00000000,1042.82000000,1048.69000000,59259.90990000,1655942399999,64236818.92545900,99922,31122.44200000,33749522.46958100,0
2022-06-23,1048.99000000,1153.26000000,1043.90000000,1143.53000000,57902.12640000,1656028799999,64167146.05192100,97932,27882.91170000,30881726.45905000,0
2022-06-24,1143.22000000,1244.98000000,1131.11000000,1223.83000000,68388.15490000,1656115199999,81400865.97467000,85314,37313.10730000,44443374.05965600,0
2022-06-25,1224.19000000,1255.00000000,1179.03000000,1240.66000000,29911.73590000,1656201599999,36310372.73622400,56636,16445.63130000,19961968.21149300,0
2022-06-26,1241.41000000,1279.75000000,1193.85000000,1197.04000000,31168.85540000,1656287999999,38512624.29315900,63285,15267.64070000,18878669.47708500,0
2022-06-27,1197.13000000,1237.98000000,1172.14000000,1190.81000000,34753.56300000,1656374399999,41926225.16116100,63929,16649.45130000,20091727.66362300,0
2022-06-28,1191.08000000,1236.07000000,1135.09000000,1142.73000000,40291.99030000,1656460799999,47939464.31971400,57372,20640.70150000,24525249.03295800,0
2022-06-29,1142.24000000,1155.38000000,1085.91000000,1098.10000000,56641.48650000,1656547199999,63334485.15143800,91538,26153.48550000,29222663.43711500,0
2022-06-30,1098.97000000,1105.84000000,997.00000000,1069.82000000,58647.31590000,1656633599999,61220768.08087500,98492,32558.10720000,34134562.27322000,0
2022-07-01,1069.88000000,1114.82000000,1032.13000000,1058.30000000,46977.94590000,1656719999999,50126299.65736300,103609,23047.33230000,24611258.44434200,0
2022-07-02,1058.61000000,1077.51000000,1026.92000000,1065.69000000,23750.30350000,1656806399999,25014638.50111400,52048,11680.91090000,12301324.05413400,0
2022-07-03,1065.71000000,1090.67000000,1039.56000000,1072.94000000,16684.04530000,1656892799999,17720881.23186700,42330,8699.04390000,9241224.88325200,0
2022-07-04,1072.88000000,1159.46000000,1044.32000000,1149.63000000,40006.12310000,1656979199999,43949945.87701500,73001,20231.21630000,22222427.88278300,0
2022-07-05,1149.60000000,1172.84000000,1075.00000000,1131.69000000,55150.55190000,1657065599999,62329061.53951900,93087,25526.07660000,28893990.05530400,0
2022-07-06,1131.27000000,1203.50000000,1110.03000000,1185.56000000,37819.73390000,1657151999999,43313591.64539500,74941,18409.33830000,21094410.44627100,0
2022-07-07,1185.27000000,1253.46000000,1162.23000000,1236.01000000,83838.07000000,1657238399999,101259468.29072800,100642,44926.28410000,54297277.46727500,0
2022-07-08,1237.03000000,1275.64000000,1192.41000000,1213.09000000,60963.79550000,1657324799999,75043538.13832300,93793,29908.83790000,36789866.36500900,0
2022-07-09,1213.10000000,1234.17000000,1203.80000000,1216.38000000,29043.99780000,1657411199999,35341341.99417100,51834,14031.78940000,17076202.83363800,0
2022-07-10,1216.46000000,1219.06000000,1153.21000000,1167.46000000,38457.98820000,1657497599999,45339948.77404700,69440,19159.12530000,22586948.22197900,0
2022-07-11,1167.68000000,1170.57000000,1090.94000000,1095.55000000,67345.02460000,1657583999999,76706355.38297900,102833,29865.49840000,34028182.29042700,0
2022-07-12,1095.31000000,1097.53000000,1032.50000000,1037.51000000,73057.08560000,1657670399999,78110292.08455200,98358,36371.11210000,38895055.84337900,0
2022-07-13,1037.39000000,1118.67000000,1005.00000000,1114.67000000,77902.23380000,1657756799999,82393718.16077300,92155,38128.62810000,40376884.99570700,0
2022-07-14,1113.97000000,1213.27000000,1070.00000000,1192.60000000,80363.57870000,1657843199999,91048167.89778100,88304,37917.51820000,42638087.16021300,0
2022-07-15,1192.59000000,1287.68000000,1180.20000000,1230.89000000,74938.51970000,1657929599999,91770771.31800800,92184,36450.39500000,44568689.53506500,0
2022-07-16,1230.78000000,1421.83000000,1191.08000000,1355.44000000,76686.51950000,1658015999999,98345361.29236700,92452,37041.09680000,47641622.63717600,0
2022-07-17,1355.61000000,1389.00000000,1317.61000000,1338.12000000,57826.79730000,1658102399999,78287496.59672600,89911,29655.36890000,40159625.25509100,0
2022-07-18,1338.24000000,1597.93000000,1335.75000000,1580.67000000,96887.29870000,1658188799999,141776780.98675100,125013,49785.67300000,72895296.17235600,0
2022-07-19,1580.49000000,1630.66000000,1492.99000000,1542.41000000,111853.75030000,1658275199999,172596992.33577100,139885,53754.19020000,82865864.71080400,0
2022-07-20,1542.44000000,1622.82000000,1484.20000000,1521.91000000,87942.21690000,1658361599999,137644153.89409800,124808,42656.62430000,66755053.38202900,0
2022-07-21,1521.19000000,1606.06000000,1464.28000000,1575.49000000,78591.29660000,1658447999999,119778931.88288000,103517,39754.15250000,60563516.56474900,0
2022-07-22,1575.56000000,1649.99000000,1516.47000000,1535.43000000,72932.66300000,1658534399999,116220740.16164100,99246,34812.45120000,55480750.58037200,0
2022-07-23,1535.35000000,1596.98000000,1486.06000000,1548.89000000,51196.14710000,1658620799999,78740272.08112500,77632,24038.61770000,36941320.96331400,0
2022-07-24,1549.14000000,1664.47000000,1546.58000000,1597.99000000,45183.13560000,1658707199999,72481628.40040400,68210,20791.60520000,33343300.95300700,0
2022-07-25,1597.81000000,1609.29000000,1433.00000000,1441.61000000,70037.25170000,1658793599999,106312205.50028400,105053,34043.49170000,51686377.73852700,0
2022-07-26,1440.62000000,1453.77000000,1356.69000000,1448.73000000,69258.38060000,1658879999999,97257452.07066200,95832,35139.25620000,49330043.42603300,0
2022-07-27,1449.30000000,1644.89000000,1420.94000000,1636.54000000,76455.93090000,1658966399999,116535902.59074500,106983,36901.23430000,56254525.68646800,0
2022-07-28,1636.52000000,1785.75000000,1594.53000000,1724.91000000,93613.92240000,1659052799999,156647432.47537900,126356,45780.82680000,76504640.38494200,0
2022-07-29,1725.25000000,1766.00000000,1656.40000000,1722.54000000,64630.64380000,1659139199999,110538855.75374100,102561,31099.52610000,53204991.26594400,0
2022-07-30,1722.66000000,1745.00000000,1673.74000000,1697.30000000,35828.80100000,1659225599999,61284695.96144600,67118,18042.05690000,30865172.22792300,0
2022-07-31,1697.54000000,1754.18000000,1667.01000000,1678.95000000,37343.06040000,1659311999999,63682721.08200700,63568,19734.08430000,33667922.17865100,0
2022-08-01,1678.94000000,1705.17000000,1605.67000000,1630.73000000,41808.93210000,1659398399999,69363224.35350900,69702,19374.50900000,32158785.25710600,0
2022-08-02,1631.12000000,1678.82000000,1558.45000000,1631.03000000,67027.46780000,1659484799999,108220460.01903400,99467,29372.55010000,47319956.20483600,0
2022-08-03,1631.15000000,1684.60000000,1590.58000000,1618.62000000,63167.34530000,1659571199999,103902476.71162100,101581,30181.39600000,49639445.40337200,0
2022-08-04,1618.50000000,1663.00000000,1580.63000000,1608.23000000,52963.42630000,1659657599999,85730191.15881100,85404,28307.02060000,45785265.91978200,0
2022-08-05,1608.05000000,1741.87000000,1605.71000000,1736.57000000,58457.61080000,1659743999999,98264637.28184200,91572,30352.56520000,51009935.99730600,0
2022-08-06,1737.14000000,1751.47000000,1685.00000000,1690.33000000,32453.68870000,1659830399999,55857645.10452300,47010,16729.44550000,28817470.16212300,0
2022-08-07,1691.01000000,1730.00000000,1670.00000000,1700.39000000,31497.49600000,1659916799999,53336176.59269800,43658,12418.61420000,21036313.65650300,0
2022-08-08,1700.55000000,1819.02000000,1694.27000000,1777.16000000,50059.49660000,1660003199999,88521043.12498300,69225,26244.21070000,46415235.68918000,0
2022-08-09,1777.02000000,1989.00000000,1668.00000000,1703.28000000,51357.69090000,1660089599999,89369476.23718400,71321,24188.44500000,42204408.79266500,0
2022-08-10,1703.31000000,1893.43000000,1657.01000000,1854.21000000,74058.09610000,1660175999999,131852842.17074600,104002,37259.55490000,66454475.85602100,0
2022-08-11,1854.21000000,1942.28000000,1851.03000000,1880.95000000,70445.55060000,1660262399999,133421814.73372400,102031,36498.02800000,69105289.26753600,0
2022-08-12,1881.04000000,1965.65000000,1854.08000000,1959.00000000,53332.64930000,1660348799999,101459807.73293900,75894,25897.13230000,49264767.44875000,0
2022-08-13,1959.16000000,2021.32000000,1947.40000000,1984.21000000,67570.59900000,1660435199999,134562720.63914700,82737,23594.64540000,46892867.35620300,0
2022-08-14,1984.38000000,2031.09000000,1905.01000000,1935.81000000,36600.07480000,1660521599999,72211914.48163900,64149,17283.35720000,34139848.85560300,0
2022-08-15,1935.99000000,2013.00000000,1872.83000000,1899.95000000,50674.83790000,1660607999999,97309138.01720100,93077,25178.98300000,48369957.66747500,0
2022-08-16,1898.94000000,1915.00000000,1852.07000000,1876.72000000,45916.37740000,1660694399999,86457690.39273600,74573,24928.23860000,46944716.76752800,0
2022-08-17,1876.95000000,1957.53000000,1818.99000000,1834.11000000,55503.01310000,1660780799999,103784057.77403300,89027,26945.26270000,50351387.96148800,0
2022-08-18,1834.56000000,1882.72000000,1821.29000000,1846.47000000,32332.23500000,1660867199999,60098968.52452500,61825,17511.26670000,32557547.68308300,0
2022-08-19,1846.45000000,1848.18000000,1603.32000000,1609.00000000,89094.32500000,1660953599999,151814074.65016000,115840,44424.21130000,75908737.04634300,0
2022-08-20,1608.89000000,1656.68000000,1523.86000000,1575.93000000,52120.99920000,1661039999999,84046358.50254400,85989,26266.24360000,42388451.30939100,0
2022-08-21,1575.95000000,1646.13000000,1562.34000000,1618.11000000,42903.74030000,1661126399999,69009649.79524900,71585,20657.63900000,33205110.04812800,0
2022-08-22,1618.27000000,1628.72000000,1529.71000000,1624.72000000,89821.37160000,1661212799999,141356576.64328200,96017,51581.87410000,81220308.98325800,0
2022-08-23,1624.54000000,1675.00000000,1563.81000000,1665.29000000,66413.80180000,1661299199999,107944397.94601000,78926,34531.11440000,56258554.66128200,0
2022-08-24,1665.60000000,1694.62000000,1605.69000000,1656.59000000,48282.92950000,1661385599999,79628261.08549700,62944,22155.96850000,36594313.92916700,0
2022-08-25,1656.60000000,1722.40000000,1653.44000000,1695.62000000,35135.33680000,1661471999999,59715080.73207000,45548,15331.05010000,26028031.94509900,0
2022-08-26,1695.33000000,1705.66000000,1486.06000000,1508.24000000,63597.89620000,1661558399999,102635670.11025000,88483,31601.43140000,50988266.95970800,0
2022-08-27,1507.71000000,1518.55000000,1447.23000000,1491.28000000,51542.20020000,1661644799999,76680685.08765400,69475,25972.45780000,38640820.01614200,0
2022-08-28,1491.05000000,1511.15000000,1424.08000000,1426.09000000,35960.61330000,1661731199999,53189239.47997600,54171,17753.68870000,26271316.11470400,0
2022-08-29,1426.64000000,1559.92000000,1422.20000000,1552.20000000,59008.29180000,1661817599999,88080095.18146200,73767,27083.87780000,40329642.34307800,0
2022-08-30,1551.88000000,1606.01000000,1474.15000000,1524.49000000,54579.39480000,1661903999999,84561378.15784400,75367,25734.23580000,39817282.38440200,0
2022-08-31,1524.79000000,1619.59000000,1524.62000000,1553.84000000,49630.97160000,1661990399999,78296633.03367700,75476,23793.23290000,37543106.06952200,0
2022-09-01,1553.88000000,1599.79000000,1513.17000000,1586.11000000,34701.07020000,1662076799999,53957590.26426200,58426,17187.29270000,26726975.23491000,0
2022-09-02,1585.96000000,1649.00000000,1546.80000000,1575.48000000,42943.30110000,1662163199999,68788874.35889800,60890,21695.33670000,34772785.58766400,0
2022-09-03,1575.19000000,1582.08000000,1534.11000000,1557.63000000,18942.21680000,1662249599999,29441485.51067900,35039,9349.22140000,14532193.77756600,0
2022-09-04,1557.28000000,1583.09000000,1540.82000000,1579.53000000,15535.15030000,1662335999999,24262513.66812900,31103,8005.83230000,12502799.25734500,0
2022-09-05,1579.38000000,1631.35000000,1556.98000000,1617.80000000,25428.99860000,1662422399999,40283940.87498600,48567,12733.65630000,20167907.94367600,0
2022-09-06,1617.81000000,1687.25000000,1554.27000000,1558.93000000,72659.00190000,1662508799999,118943568.83522200,89234,42073.04820000,68926291.34592900,0
2022-09-07,1559.03000000,1657.68000000,1490.00000000,1630.57000000,54293.15200000,1662595199999,84108637.23045900,71982,25189.19280000,39043149.66604100,0
2022-09-08,1630.51000000,1663.69000000,1595.23000000,1635.16000000,48036.05090000,1662681599999,78110820.25980500,62638,27366.50150000,44468543.61077200,0
2022-09-09,1635.74000000,1746.00000000,1630.72000000,1719.04000000,51341.38540000,1662767999999,87171880.48379400,66695,28668.78090000,48618637.37741600,0
2022-09-10,1719.45000000,1789.94000000,1707.00000000,1774.58000000,23197.33000000,1662854399999,40281608.05888700,38111,14070.06330000,24431252.21566000,0
2022-09-11,1774.70000000,1789.31000000,1720.89000000,1766.84000000,18793.82950000,1662940799999,33128997.28284200,33867,9284.15820000,16369116.21895200,0
2022-09-12,1767.19000000,1783.34000000,1693.18000000,1717.02000000,36568.19770000,1663027199999,63255727.11865300,55905,20910.82420000,36108398.02487300,0
2022-09-13,1716.44000000,1760.00000000,1561.54000000,1574.62000000,70623.59680000,1663113599999,115146727.24263000,81135,25191.83010000,41547687.94903000,0
2022-09-14,1574.16000000,1646.80000000,1552.67000000,1638.73000000,33584.82940000,1663199999999,53673767.69962700,52616,16712.14140000,26699423.00475000,0
2022-09-15,1638.73000000,1657.23000000,1457.08000000,1472.61000000,78511.87310000,1663286399999,123825713.65259900,110918,47787.00580000,75784121.25652800,0
2022-09-16,1473.10000000,1483.26000000,1405.60000000,1434.44000000,38629.65540000,1663372799999,55961216.77436100,61451,19105.46230000,27676100.98286800,0
2022-09-17,1433.81000000,1476.16000000,1409.00000000,1469.16000000,22299.22860000,1663459199999,32192886.24939500,35357,11083.84400000,16000178.69638200,0
2022-09-18,1468.92000000,1469.81000000,1325.00000000,1334.17000000,40886.27970000,1663545599999,56751102.25266600,51218,22373.94400000,30934604.77622500,0
2022-09-19,1334.56000000,1393.13000000,1281.00000000,1376.30000000,58354.63410000,1663631999999,77208195.09156400,74189,27973.69090000,37050605.50168600,0
2022-09-20,1376.01000000,1384.91000000,1313.34000000,1322.93000000,48151.91330000,1663718399999,64990518.02669500,62166,21935.99900000,29636484.31359800,0
2022-09-21,1323.20000000,1409.33000000,1220.69000000,1245.93000000,63837.54370000,1663804799999,84554166.89791000,87527,31455.35070000,41734364.26736100,0
2022-09-22,1245.76000000,1348.67000000,1237.24000000,1326.08000000,44055.49530000,1663891199999,56661879.88912300,65116,22623.87520000,29102497.43836700,0
2022-09-23,1326.38000000,1359.39000000,1262.45000000,1326.98000000,57059.42150000,1663977599999,74615268.12140300,75735,29324.10420000,38335863.12511200,0
2022-09-24,1327.39000000,1349.23000000,1306.73000000,1316.80000000,21628.86670000,1664063999999,28730113.61118000,35221,11021.51890000,14635828.07622900,0
2022-09-25,1317.30000000,1337.99000000,1269.51000000,1294.94000000,25332.80300000,1664150399999,33050302.40422900,36220,11153.80630000,14566745.08112300,0
2022-09-26,1294.67000000,1340.43000000,1278.42000000,1336.38000000,26884.59030000,1664236799999,35265182.17781600,32241,13768.92000000,18062800.30480500,0
2022-09-27,1336.22000000,1400.01000000,1303.88000000,1328.03000000,30596.84490000,1664323199999,41664557.29714300,26779,13842.84780000,18864873.32924100,0
2022-09-28,1328.43000000,1354.86000000,1253.02000000,1337.68000000,20354.53950000,1664409599999,26553996.35343000,22620,9911.21840000,12941534.93619200,0
2022-09-29,1337.32000000,1351.81000000,1328.16000000,1338.12000000,797.31370000,1664420399999,1068669.65459600,921,466.88950000,626070.33399400,0
2023-03-12,1482.62000000,1677.81000000,1482.62000000,1601.60000000,8601.79650000,1678665599999,13392054.80082800,16074,3408.38140000,5306198.19690800,0
2023-03-13,1605.09000000,1839.36000000,1586.66000000,1683.08000000,14615.90290000,1678751999999,23935026.39274400,20081,7837.16090000,12954519.29282700,0
2023-03-14,1683.01000000,1785.77000000,1664.37000000,1707.01000000,14356.24230000,1678838399999,24633437.09290900,20871,11055.53610000,18947723.29852300,0
2023-03-15,1705.36000000,1723.06000000,1615.70000000,1655.19000000,6869.02810000,1678924799999,11591807.94689900,11410,4040.08770000,6860822.18201900,0
2023-03-16,1656.08000000,1694.11000000,1639.79000000,1677.92000000,5605.51650000,1679011199999,9327290.96341600,8429,3822.63930000,6358588.21423000,0
2023-03-17,1677.41000000,1803.47000000,1665.91000000,1793.78000000,7111.16930000,1679097599999,12285682.50159000,18624,3740.89740000,6442342.38943700,0
2023-03-18,1793.05000000,1844.35000000,1754.12000000,1764.13000000,8446.07260000,1679183999999,15295969.26656400,20085,4074.32540000,7365362.42344600,0
2023-03-19,1765.05000000,1846.64000000,1763.48000000,1784.78000000,2400.50090000,1679270399999,4327036.69858200,10678,1321.89390000,2381037.35968200,0
2023-03-20,1786.99000000,1808.96000000,1730.39000000,1740.14000000,6355.93340000,1679356799999,11261947.90981000,17469,3660.14160000,6472780.84803700,0
2023-03-21,1739.32000000,1840.26000000,1725.00000000,1806.74000000,5174.41780000,1679443199999,9208328.07459200,16486,3085.48110000,5492489.42028000,0
2023-03-22,1806.87000000,1823.92000000,1715.72000000,1739.04000000,6999.21080000,1679529599999,12438213.77439700,24572,3855.19210000,6868878.51721500,0
2023-03-23,1739.54000000,1862.63000000,1733.99000000,1816.79000000,4374.14360000,1679615999999,7824575.84036000,14260,2388.91650000,4288558.62459000,0
2023-03-24,1817.98000000,1822.40000000,1729.07000000,1751.85000000,6311.99630000,1679702399999,11303455.24738000,14639,1885.76220000,3364230.79870400,0
2023-03-25,1750.69000000,1764.64000000,1715.86000000,1743.40000000,1768.74610000,1679788799999,3093628.33503800,6999,673.69660000,1177324.47753400,0
2023-03-26,1743.49000000,1800.66000000,1741.41000000,1775.40000000,1435.20240000,1679875199999,2539703.52162500,6667,688.62550000,1219901.59495900,0
2023-03-27,1776.06000000,1781.78000000,1465.00000000,1715.97000000,4293.29490000,1679961599999,7317204.87004500,12773,2041.95880000,3515782.12245500,0
2023-03-28,1715.65000000,1795.29000000,1702.51000000,1773.41000000,3469.53540000,1680047999999,6007943.74279900,10150,2184.31130000,3778933.43561600,0
2023-03-29,1774.79000000,1827.38000000,1773.58000000,1792.87000000,2450.13680000,1680134399999,4419694.44260700,8462,1370.65490000,2474921.59651100,0
2023-03-30,1792.92000000,1829.35000000,1763.46000000,1793.56000000,3040.95500000,1680220799999,5446219.19324300,10525,1378.28530000,2468804.52372300,0
2023-03-31,1794.68000000,1847.31000000,1779.18000000,1822.47000000,2812.66730000,1680307199999,5113877.92447500,8603,1556.17570000,2835262.75614300,0
2023-04-01,1822.56000000,1843.71000000,1809.29000000,1821.24000000,1332.10200000,1680393599999,2429650.77165600,4239,642.06050000,1171067.15712600,0
2023-04-02,1820.78000000,1825.58000000,1773.72000000,1794.73000000,1285.21140000,1680479999999,2320028.08233200,5072,364.56550000,657318.02130700,0
2023-04-03,1795.37000000,1839.69000000,1764.27000000,1811.31000000,4593.74090000,1680566399999,8263983.43890000,12332,2317.79940000,4168237.96679000,0
2023-04-04,1811.60000000,1891.00000000,1802.46000000,1871.35000000,7195.23300000,1680652799999,13400567.83517800,12579,1870.96050000,3476920.93991900,0
2023-04-05,1871.72000000,1940.66000000,1865.75000000,1909.18000000,3077.60230000,1680739199999,5869564.65589700,10875,1673.40690000,3190601.45364100,0
2023-04-06,1908.68000000,1910.08000000,1854.92000000,1872.94000000,9500.66400000,1680825599999,17776117.70045100,16759,6893.70710000,12873517.62419300,0
2023-04-07,1873.33000000,1883.27000000,1842.29000000,1865.36000000,1732.18110000,1680911999999,3224276.07254400,6165,851.02520000,1584336.91152300,0
2023-04-08,1864.79000000,1879.95000000,1848.44000000,1849.98000000,1697.58570000,1680998399999,3165746.68893500,4852,719.44650000,1340927.62215200,0
2023-04-09,1848.90000000,1874.99000000,1825.59000000,1859.85000000,2988.98630000,1681084799999,5521760.53687400,8469,1596.92470000,2949920.61936700,0
2023-04-10,1859.71000000,1919.91000000,1847.90000000,1911.49000000,4245.79960000,1681171199999,7965806.02893600,11029,2399.06380000,4500372.71746300,0
2023-04-11,1911.49000000,1938.34000000,1883.20000000,1891.93000000,5396.12410000,1681257599999,10324494.45284800,12536,3087.69040000,5905269.72224700,0
2023-04-12,1891.72000000,1933.63000000,1855.10000000,1918.86000000,10223.73330000,1681343999999,19368217.37885600,17082,2484.16160000,4709246.58247000,0
2023-04-13,1918.87000000,2025.27000000,1901.42000000,2013.93000000,6166.74820000,1681430399999,12172643.23838100,16780,3278.18150000,6469420.75634800,0
2023-04-14,2013.87000000,2130.51000000,2011.33000000,2102.41000000,9229.10340000,1681516799999,19372769.35606500,22851,4055.91960000,8497778.20485200,0
2023-04-15,2101.90000000,2113.07000000,2074.58000000,2092.27000000,4071.60670000,1681603199999,8541223.43842700,13440,2068.34550000,4338655.16406900,0
2023-04-16,2092.28000000,2143.10000000,2075.00000000,2120.79000000,3919.66090000,1681689599999,8252852.78341100,11971,2084.73470000,4387415.64518100,0
2023-04-17,2119.88000000,2121.64000000,2057.28000000,2076.10000000,5741.77110000,1681775999999,11967529.17355700,15449,3052.33970000,6360260.76751200,0
2023-04-18,2075.36000000,2124.44000000,2052.34000000,2104.35000000,4162.78030000,1681862399999,8717810.02748600,12772,1963.14020000,4113024.72926200,0
2023-04-19,2104.02000000,2105.38000000,1924.01000000,1935.13000000,8067.83500000,1681948799999,16160666.69054000,21784,3253.09780000,6530128.32013100,0
2023-04-20,1934.65000000,1982.86000000,1916.72000000,1942.87000000,5176.34900000,1682035199999,10072946.40995800,17324,2709.89250000,5270269.20404700,0
2023-04-21,1942.74000000,1956.64000000,1825.00000000,1848.55000000,8425.82970000,1682121599999,15979542.91710400,21231,4683.60260000,8891779.08153800,0
2023-04-22,1848.38000000,1887.27000000,1842.66000000,1873.63000000,7153.05760000,1682207999999,13412735.65912800,11110,1726.23420000,3215413.27316100,0
2023-04-23,1873.74000000,1882.11000000,1838.64000000,1862.07000000,2755.84800000,1682294399999,5130932.10936400,10366,1229.90100000,2289355.16927500,0
2023-04-24,1861.98000000,1889.17000000,1807.19000000,1842.07000000,6228.44730000,1682380799999,11514485.17325100,19677,3290.12810000,6074195.87061300,0
2023-04-25,1842.17000000,1877.91000000,1802.10000000,1866.34000000,4728.72630000,1682467199999,8662644.28390700,17039,2613.77340000,4785228.56965600,0
2023-04-26,1866.71000000,1965.00000000,1859.02000000,1957.45000000,13654.31630000,1682553599999,26210833.42872200,14394,1610.87910000,3058695.62353400,0
